<?xml version="1.0" encoding="UTF-8"?>
<!DOCTYPE suite SYSTEM "https://testng.org/testng-1.0.dtd" >
<suite name="LMS" parallel="test">
<!-- <test name="user">
	<classes>
	<class name="com.brainmentors.lms.testing.FirstTest"/>
		<class name="com.brainmentors.lms.testing.SecondDemo"/>
		<class name="com.brainmentors.lms.testing.ThirdDemo"/>
	</classes>
</test> -->
<!-- <groups>
<run>
<include name="mygroup"></include>
</run>
</groups> -->
<!-- <test name="user">
	<classes>
	<class name="com.brainmentors.lms.testing.FirstTest"/>
		<class name="com.brainmentors.lms.testing.SecondDemo"/>
		<class name="com.brainmentors.lms.testing.ThirdDemo"/>
	</classes>
</test>
<test name="order">
	<classes>
	<class name="com.brainmentors.lms.testing.A"/>
		<class name="com.brainmentors.lms.testing.B"/>
		<class name="com.brainmentors.lms.testing.C"/>
	</classes>
</test> -->
<suite-files >
<suite-file path="user.xml"/>
<suite-file path="order.xml"/>
</suite-files>

</suite>