<?xml version="1.0" encoding="UTF-8"?>
<!DOCTYPE suite SYSTEM "https://testng.org/testng-1.0.dtd" >
<suite name="LMS" >
<!-- <test name="user">
	<classes>
	<class name="com.brainmentors.lms.testing.FirstTest"/>
		<class name="com.brainmentors.lms.testing.SecondDemo"/>
		<class name="com.brainmentors.lms.testing.ThirdDemo"/>
	</classes>
</test> -->
<!-- <groups>
<run>
<include name="mygroup"></include>
</run>
</groups> -->
<test name="user" parallel="methods">
	<classes>
	<class name="com.brainmentors.lms.testing.FirstTest"/>
		<class name="com.brainmentors.lms.testing.SecondDemo"/>
		<class name="com.brainmentors.lms.testing.ThirdDemo"/>
	</classes>
</test>

</suite>